{
	"nameShort": "Code",
	"nameLong": "Visual Studio Code",
	"applicationName": "code",
	"win32AppId": "{{F8A2A208-72B3-4D61-95FC-8A65D340689B}",
	"win32x64AppId": "{{EA457B21-F73E-494C-ACAB-524FDE069978}",
	"win32arm64AppId": "{{A5270FC5-65AD-483E-AC30-2C276B63D0AC}",
	"win32UserAppId": "{{D628A17A-9713-46BF-8D57-E671B46A741E}",
	"win32x64UserAppId": "{{771FD6B0-FA20-440A-A002-3B3BAC16DC50}",
	"win32arm64UserAppId": "{{D9E514E7-1A56-452D-9337-2990C0DC4310}",
	"win32NameVersion": "Microsoft Visual Studio Code",
	"win32DirName": "Microsoft VS Code",
	"win32SetupExeBasename": "VSCodeSetup",
	"win32AppUserModelId": "Microsoft.VisualStudioCode",
	"win32ShellNameShort": "Code",
	"win32MutexName": "vscode",
	"win32RegValueName": "VSCode",
	"darwinCredits": "resources/darwin/Credits.rtf",
	"darwinBundleIdentifier": "com.microsoft.VSCode",
	"darwinExecutable": "VSCode",
	"linuxIconName": "com.visualstudio.code",
	"licenseFileName": "LICENSE.rtf",
	"licenseName": "Multiple, see https://code.visualstudio.com/license",
	"urlProtocol": "vscode",
	"dataFolderName": ".vscode",
	"serverDataFolderName": ".vscode-server",
	"downloadUrl": "https://code.visualstudio.com",
	"updateUrl": "https://update.code.visualstudio.com",
	"quality": "stable",
	"extensionsGallery": {
		"serviceUrl": "https://marketplace.visualstudio.com/_apis/public/gallery",
		"cacheUrl": "https://vscode.blob.core.windows.net/gallery/index",
		"itemUrl": "https://marketplace.visualstudio.com/items",
		"controlUrl": "https://az764295.vo.msecnd.net/extensions/marketplace.json",
		"recommendationsUrl": "https://az764295.vo.msecnd.net/extensions/workspaceRecommendations.json.gz"
	},
	"extensionTips": {
		"ms-dotnettools.csharp": "{**/*.cs,**/project.json,**/global.json,**/*.csproj,**/*.cshtml,**/*.sln,**/appsettings.json}",
		"msjsdiag.debugger-for-chrome": "{**/*.ts,**/*.tsx,**/*.js,**/*.jsx,**/*.es6,**/.babelrc}",
		"firefox-devtools.vscode-firefox-debug": "{**/*.ts,**/*.tsx,**/*.js,**/*.jsx,**/*.es6,**/.babelrc}",
		"golang.Go": "**/*.go",
		"ms-vscode.PowerShell": "{**/*.ps1,**/*.psd1,**/*.psm1,**/*.ps.config,**/*.ps1.config}",
		"austin.code-gnu-global": "{**/*.c,**/*.cpp,**/*.h}",
		"Ionide.Ionide-fsharp": "{**/*.fsx,**/*.fsi,**/*.fs,**/*.ml,**/*.mli}",
		"dbaeumer.vscode-eslint": "{**/*.js,**/*.jsx,**/*.es6,**/.eslintrc.*,**/.eslintrc,**/.babelrc,**/jsconfig.json}",
		"dbaeumer.jshint": "{**/*.js,**/*.jsx,**/*.es6,**/.babelrc,**/jsconfig.json,**/.jshintrc,**/.jshintignore}",
		"ms-vscode.vscode-typescript-tslint-plugin": "{**/tslint.json}",
		"bmewburn.vscode-intelephense-client": "{**/*.php,**/php.ini}",
		"felixfbecker.php-intellisense": "{**/*.php,**/php.ini}",
		"felixfbecker.php-debug": "{**/*.php,**/php.ini}",
		"ikappas.phpcs": "{**/*.php,**/php.ini}",
		"rust-lang.rust": "{**/*.rs,**/*.rslib}",
		"ms-vscode.cpptools": "{**/*.c,**/*.cpp,**/*.cc,**/.cxx,**/*.hh,**/*.hpp,**/*.hxx,**/*.h}",
		"DavidAnson.vscode-markdownlint": "{**/*.md}",
		"ms-azuretools.vscode-docker": "{**/dockerfile,**/Dockerfile,**/docker-compose.yml,**/docker-compose.*.yml}",
		"EditorConfig.EditorConfig": "{**/.editorconfig}",
		"HookyQR.beautify": "{**/.jsbeautifyrc,**/*.js,**/*.jsx,**/*.es6,**/.eslintrc.*,**/.babelrc,**/jsconfig.json}",
		"donjayamanne.githistory": "{**/.gitignore,**/.git}",
		"felipecaputo.git-project-manager": "{**/.gitignore,**/.git}",
		"eamodio.gitlens": "{**/.gitignore,**/.git}",
		"rebornix.Ruby": "{**/*.rb,**/*.erb,**/*.reek,**/.fasterer.yml,**/ruby-lint.yml,**/.rubocop.yml}",
		"DotJoshJohnson.xml": "{**/*.xml}",
		"shinnn.stylelint": "{**/.stylelintrc,**/stylelint.config.js}",
		"eg2.vscode-npm-script": "{**/package.json}",
		"ms-mssql.mssql": "{**/*.sql}",
		"bajdzis.vscode-database": "{**/*.sql}",
		"mtxr.sqltools": "{**/*.sql}",
		"usqlextpublisher.usql-vscode-ext": "{**/*.usql}",
		"ms-vscode.sublime-keybindings": "{**/.sublime-project,**/.sublime-workspace}",
		"k--kato.intellij-idea-keybindings": "{**/.idea}",
		"christian-kohler.npm-intellisense": "{**/package.json}",
		"octref.vetur": "{**/*.vue}",
		"ms-python.python": "{**/*.py,**/*.ipynb}",
		"cake-build.cake-vscode": "{**/build.cake}",
		"Angular.ng-template": "{**/.angular-cli.json,**/angular.json,**/*.ng.html,**/*.ng,**/*.ngml}",
		"vscjava.vscode-maven": "**/pom.xml",
		"ms-azuretools.vscode-azureterraform": "**/*.tf",
		"HashiCorp.terraform": "**/*.tf",
		"vsciot-vscode.vscode-arduino": "**/*.ino",
		"ms-kubernetes-tools.vscode-kubernetes-tools": "{**/Chart.yaml}",
		"GoogleCloudTools.cloudcode": "{**/skaffold.yaml}",
		"Oracle.oracledevtools": "{**/*.sql}"
	},
	"extensionImportantTips": {
		"ms-dotnettools.csharp": {
			"name": "C#",
			"pattern": "{**/*.cs,**/project.json,**/global.json,**/*.csproj,**/*.cshtml,**/*.sln}"
		},
		"ms-python.python": {
			"name": "Python",
			"pattern": "{**/*.py,**/*.ipynb}"
		},
		"golang.Go": {
			"name": "Go",
			"pattern": "**/*.go"
		},
		"vscjava.vscode-java-pack": {
			"name": "Java",
			"pattern": "{**/*.java}",
			"isExtensionPack": true
		},
		"ms-vscode.PowerShell": {
			"name": "PowerShell",
			"pattern": "{**/*.ps1,**/*.psd1,**/*.psm1}"
		},
		"ms-vscode.cpptools": {
			"name": "C/C++",
			"pattern": "{**/*.c,**/*.cpp,**/*.cc,**/.cxx,**/*.hh,**/*.hpp,**/*.hxx,**/*.h}"
		},
		"ms-azuretools.vscode-docker": {
			"name": "Docker",
			"pattern": "{**/dockerfile,**/Dockerfile,**/docker-compose.yml,**/docker-compose.*.yml}"
		},
		"ms-mssql.mssql": {
			"name": "mssql",
			"pattern": "{**/*.sql}"
		},
		"octref.vetur": {
			"name": "Vetur",
			"pattern": "{**/*.vue}"
		},
		"ms-vscode.cmake-tools": {
			"name": "CMake Tools",
			"pattern": "{**/CMakeLists.txt}"
		},
		"msazurermtools.azurerm-vscode-tools": {
			"name": "Azure Resource Manager",
			"pattern": "{**/azuredeploy.json}"
		}
	},
	"keymapExtensionTips": [
		"vscodevim.vim",
		"ms-vscode.sublime-keybindings",
		"ms-vscode.atom-keybindings",
		"ms-vscode.vs-keybindings",
		"ms-vscode.notepadplusplus-keybindings",
		"k--kato.intellij-idea-keybindings",
		"hiro-sun.vscode-emacs",
		"alphabotsec.vscode-eclipse-keybindings",
		"alefragnani.delphi-keybindings"
	],
	"configBasedExtensionTips": {
		"git": {
			"configPath": ".git/config",
			"configName": "Git",
			"recommendations": {
				"github.vscode-pull-request-github": {
					"name": "GitHub Pull Request",
					"remotes": [
						"github.com"
					]
				},
				"eamodio.gitlens": {
					"name": "GitLens"
				}
			}
		}
	},
	"exeBasedExtensionTips": {
		"az": {
			"friendlyName": "Azure CLI",
			"windowsPath": "%ProgramFiles(x86)%\\Microsoft SDKs\\Azure\\CLI2\\wbin\\az.cmd",
			"recommendations": [
				"ms-vscode.azurecli"
			]
		},
		"heroku": {
			"friendlyName": "Heroku CLI",
			"windowsPath": "%ProgramFiles%\\Heroku\\bin\\heroku.cmd",
			"recommendations": [
				"ms-azuretools.vscode-azureappservice",
				"pkosta2005.heroku-command"
			]
		},
		"mongo": {
			"friendlyName": "Mongo",
			"windowsPath": "%ProgramFiles%\\MongoDB\\Server\\3.6\\bin\\mongod.exe",
			"recommendations": [
				"ms-azuretools.vscode-cosmosdb"
			]
		},
		"serverless": {
			"friendlyName": "Serverless framework",
			"windowsPath": "%APPDATA%\\npm\\serverless.cmd",
			"recommendations": [
				"ms-azuretools.vscode-azurefunctions"
			]
		},
		"func": {
			"friendlyName": "Azure Function SDK",
			"windowsPath": "%APPDATA%\\npm\\func.cmd",
			"recommendations": [
				"ms-azuretools.vscode-azurefunctions"
			]
		},
		"mysql": {
			"friendlyName": "MySQL",
			"windowsPath": "%ProgramFiles%\\MySQL\\MySQL Server 8.0\\bin\\mysqld.exe",
			"recommendations": [
				"bajdzis.vscode-database",
				"mtxr.sqltools"
			]
		},
		"postgres": {
			"friendlyName": "PostgreSQL",
			"windowsPath": "%ProgramFiles%\\PostgreSQL\\11\\bin\\psql.exe",
			"recommendations": [
				"ms-ossdata.vscode-postgresql",
				"mtxr.sqltools",
				"bajdzis.vscode-database"
			]
		},
		"sqlcmd": {
			"friendlyName": "SQL CLI",
			"recommendations": [
				"ms-mssql.mssql"
			]
		},
		"now": {
			"friendlyName": "Now CLI",
			"windowsPath": "%APPDATA%\\npm\\now.cmd",
			"recommendations": [
				"ms-azuretools.vscode-azureappservice",
				"ms-azuretools.vscode-docker"
			]
		},
		"docker": {
			"friendlyName": "Docker",
			"windowsPath": "%ProgramFiles%\\Docker\\Docker\\Resources\\bin\\docker.exe",
			"recommendations": [
				"ms-azuretools.vscode-docker",
				"ms-kubernetes-tools.vscode-kubernetes-tools",
				"azuredevspaces.azds",
				"GoogleCloudTools.cloudcode"
			]
		},
		"kubectl": {
			"friendlyName": "Kubernetes",
			"windowsPath": "%ProgramFiles%\\Docker\\Docker\\Resources\\bin\\kubectl.exe",
			"recommendations": [
				"ms-azuretools.vscode-docker",
				"ms-kubernetes-tools.vscode-kubernetes-tools",
				"azuredevspaces.azds",
				"GoogleCloudTools.cloudcode"
			]
		},
		"ng": {
			"friendlyName": "Angular CLI",
			"windowsPath": "%APPDATA%\\npmexit\\ng.cmd",
			"recommendations": [
				"johnpapa.Angular2"
			]
		},
		"create-react-app": {
			"friendlyName": "Create React App",
			"windowsPath": "%APPDATA%\\npm\\create-react-app.cmd",
			"recommendations": [
				"vsmobile.vscode-react-native"
			]
		},
		"p4": {
			"friendlyName": "Perforce",
			"recommendations": [
				"slevesque.perforce"
			]
		},
		"hg": {
			"friendlyName": "Mercurial",
			"recommendations": [
				"mrcrowl.hg"
			]
		},
		"subl": {
			"friendlyName": "Sublime",
			"windowsPath": "%ProgramFiles%\\Sublime Text3\\sublime_text.exe",
			"recommendations": [
				"ms-vscode.sublime-keybindings"
			]
		},
		"atom": {
			"friendlyName": "Atom",
			"windowsPath": "%USERPROFILE%\\AppData\\Local\\atom\\bin\\atom.cmd",
			"recommendations": [
				"ms-vscode.atom-keybindings"
			]
		},
		"notepadplusplus": {
			"friendlyName": "Notepad++",
			"windowsPath": "%ProgramFiles%\\Notepad++\\Notepad++.exe",
			"recommendations": [
				"ms-vscode.notepadplusplus-keybindings"
			]
		},
		"vi": {
			"friendlyName": "VIM",
			"windowsPath": "%ProgramFiles(x86)%\\Vim\\vim80\\gvim.exe",
			"recommendations": [
				"vscodevim.vim"
			]
		},
		"mvn": {
			"friendlyName": "Maven",
			"recommendations": [
				"vscjava.vscode-maven"
			]
		},
		"Microsoft Edge": {
			"friendlyName": "Microsoft Edge",
			"windowsPath": "%USERPROFILE%\\AppData\\Local\\Microsoft\\Edge\\Application\\msedge.exe",
			"recommendations": [
				"msjsdiag.debugger-for-edge",
				"ms-edgedevtools.vscode-edge-devtools"
			]
		},
		"Microsoft Edge Dev": {
			"friendlyName": "Microsoft Edge Dev",
			"windowsPath": "%USERPROFILE%\\AppData\\Local\\Microsoft\\Edge Dev\\Application\\msedge.exe",
			"recommendations": [
				"msjsdiag.debugger-for-edge",
				"ms-edgedevtools.vscode-edge-devtools"
			]
		},
		"Microsoft Edge Beta": {
			"friendlyName": "Microsoft Edge Beta",
			"windowsPath": "%USERPROFILE%\\AppData\\Local\\Microsoft\\Edge Beta\\Application\\msedge.exe",
			"recommendations": [
				"msjsdiag.debugger-for-edge",
				"ms-edgedevtools.vscode-edge-devtools"
			]
		},
		"Microsoft Edge Canary": {
			"friendlyName": "Microsoft Edge Canary",
			"windowsPath": "%USERPROFILE%\\AppData\\Local\\Microsoft\\Edge SxS\\Application\\msedge.exe",
			"recommendations": [
				"msjsdiag.debugger-for-edge",
				"ms-edgedevtools.vscode-edge-devtools"
			]
		},
		"Mozilla Firefox (x86)": {
			"friendlyName": "Mozilla Firefox",
			"windowsPath": "%ProgramFiles(x86)%\\Mozilla Firefox\\firefox.exe",
			"recommendations": [
				"firefox-devtools.vscode-firefox-debug"
			]
		},
		"Mozilla Firefox Developer Edition (x86)": {
			"friendlyName": "Mozilla Firefox Developer Edition",
			"windowsPath": "%ProgramFiles(x86)%\\Firefox Developer Edition\\firefox.exe",
			"recommendations": [
				"firefox-devtools.vscode-firefox-debug"
			]
		},
		"Mozilla Firefox": {
			"friendlyName": "Mozilla Firefox",
			"windowsPath": "%ProgramFiles%\\Mozilla Firefox\\firefox.exe",
			"recommendations": [
				"firefox-devtools.vscode-firefox-debug"
			]
		},
		"Mozilla Firefox Developer Edition": {
			"friendlyName": "Mozilla Firefox Developer Edition",
			"windowsPath": "%ProgramFiles%\\Firefox Developer Edition\\firefox.exe",
			"recommendations": [
				"firefox-devtools.vscode-firefox-debug"
			]
		},
		"react-native": {
			"friendlyName": "React Native",
			"windowsPath": "%APPDATA%\\npm\\react-native-cli",
			"recommendations": [
				"vsmobile.vscode-react-native"
			]
		},
		"cordova": {
			"friendlyName": "Cordova",
			"windowsPath": "%APPDATA%\\npm\\cordova",
			"recommendations": [
				"vsmobile.cordova-tools"
			]
		},
		"gcloud": {
			"friendlyName": "Google GCloud CLI",
			"windowsPath": "%ProgramFiles(x86)%\\Google\\Cloud SDK\\google-cloud-sdk\\bin\\gcloud.cmd",
			"recommendations": [
				"GoogleCloudTools.cloudcode"
			]
		},
		"skaffold": {
			"friendlyName": "Skaffold Code to Cluster",
			"recommendations": [
				"ms-azuretools.vscode-docker",
				"ms-kubernetes-tools.vscode-kubernetes-tools",
				"GoogleCloudTools.cloudcode"
			]
		},
		"minikube": {
			"friendlyName": "MiniKube Local Kubernetes Cluster",
			"recommendations": [
				"ms-azuretools.vscode-docker",
				"ms-kubernetes-tools.vscode-kubernetes-tools",
				"GoogleCloudTools.cloudcode"
			]
		},
		"wsl": {
			"friendlyName": "Remote - WSL",
			"windowsPath": "%WINDIR%\\system32\\wsl.exe",
			"exeFriendlyName": "Windows Linux Subsystem (WSL)",
			"important": true,
			"recommendations": [
				"ms-vscode-remote.remote-wsl"
			]
		}
	},
	"remoteExtensionTips": {
		"wsl": {
			"friendlyName": "Remote - WSL",
			"extensionId": "ms-vscode-remote.remote-wsl"
		},
		"ssh-remote": {
			"friendlyName": "Remote - SSH",
			"extensionId": "ms-vscode-remote.remote-ssh"
		},
		"dev-container": {
			"friendlyName": "Remote - Containers",
			"extensionId": "ms-vscode-remote.remote-containers"
		},
		"attached-container": {
			"friendlyName": "Remote - Containers",
			"extensionId": "ms-vscode-remote.remote-containers"
		},
		"vsonline": {
			"friendlyName": "Visual Studio Online",
			"extensionId": "ms-vsonline.vsonline"
		}
	},
	"extensionKeywords": {
		"md": [
			"Markdown"
		],
		"js": [
			"JavaScript"
		],
		"jsx": [
			"JavaScript"
		],
		"es6": [
			"JavaScript"
		],
		"html": [
			"Html"
		],
		"ts": [
			"TypeScript"
		],
		"tsx": [
			"TypeScript"
		],
		"css": [
			"CSS"
		],
		"scss": [
			"SASS"
		],
		"txt": [
			"Text"
		],
		"php": [
			"PHP"
		],
		"php3": [
			"PHP"
		],
		"php4": [
			"PHP"
		],
		"ph3": [
			"PHP"
		],
		"ph4": [
			"PHP"
		],
		"xml": [
			"XML"
		],
		"py": [
			"Python"
		],
		"pyc": [
			"Python"
		],
		"pyd": [
			"Python"
		],
		"pyo": [
			"Python"
		],
		"pyw": [
			"Python"
		],
		"pyz": [
			"Python"
		],
		"java": [
			"Java"
		],
		"class": [
			"Java"
		],
		"jar": [
			"Java"
		],
		"c": [
			"c",
			"objective c",
			"objective-c"
		],
		"m": [
			"objective c",
			"objective-c"
		],
		"mm": [
			"objective c",
			"objective-c"
		],
		"cpp": [
			"cpp",
			"c plus plus",
			"c",
			"c++"
		],
		"cc": [
			"cpp",
			"c plus plus",
			"c",
			"c++"
		],
		"cxx": [
			"cpp",
			"c plus plus",
			"c++"
		],
		"hh": [
			"cpp",
			"c plus plus",
			"c++"
		],
		"hpp": [
			"cpp",
			"c++"
		],
		"h": [
			"cpp",
			"c plus plus",
			"c++",
			"c",
			"objective c",
			"objective-c"
		],
		"sql": [
			"sql"
		],
		"sh": [
			"bash"
		],
		"bash": [
			"bash"
		],
		"zsh": [
			"bash",
			"zshell"
		],
		"cs": [
			"c#",
			"csharp"
		],
		"csproj": [
			"c#",
			"csharp"
		],
		"sln": [
			"c#",
			"csharp"
		],
		"go": [
			"go"
		],
		"sty": [
			"latex"
		],
		"tex": [
			"latex"
		],
		"ps": [
			"powershell"
		],
		"ps1": [
			"powershell"
		],
		"rs": [
			"rust"
		],
		"rslib": [
			"rust"
		],
		"hs": [
			"haskell"
		],
		"lhs": [
			"haskell"
		],
		"scm": [
			"scheme"
		],
		"ss": [
			"scheme"
		],
		"clj": [
			"clojure"
		],
		"cljs": [
			"clojure"
		],
		"cljc": [
			"clojure"
		],
		"edn": [
			"clojure"
		],
		"erl": [
			"erlang"
		],
		"hrl": [
			"erlang"
		],
		"scala": [
			"scala"
		],
		"sc": [
			"scala"
		],
		"pl": [
			"perl"
		],
		"pm": [
			"perl"
		],
		"t": [
			"perl"
		],
		"pod": [
			"perl"
		],
		"groovy": [
			"groovy"
		],
		"swift": [
			"swift"
		],
		"rb": [
			"ruby"
		],
		"rbw": [
			"ruby"
		],
		"jl": [
			"julia"
		],
		"f": [
			"fortran"
		],
		"for": [
			"fortran"
		],
		"f90": [
			"fortran"
		],
		"f95": [
			"fortran"
		],
		"coffee": [
			"CoffeeScript"
		],
		"litcoffee": [
			"CoffeeScript"
		],
		"yaml": [
			"yaml"
		],
		"yml": [
			"yaml"
		],
		"dart": [
			"dart"
		],
		"json": [
			"json"
		]
	},
	"extensionAllowedBadgeProviders": [
		"api.bintray.com",
		"api.travis-ci.com",
		"api.travis-ci.org",
		"app.fossa.io",
		"badge.buildkite.com",
		"badge.fury.io",
		"badge.waffle.io",
		"badgen.net",
		"badges.frapsoft.com",
		"badges.gitter.im",
		"badges.greenkeeper.io",
		"cdn.travis-ci.com",
		"cdn.travis-ci.org",
		"ci.appveyor.com",
		"circleci.com",
		"cla.opensource.microsoft.com",
		"codacy.com",
		"codeclimate.com",
		"codecov.io",
		"coveralls.io",
		"david-dm.org",
		"deepscan.io",
		"dev.azure.com",
		"docs.rs",
		"flat.badgen.net",
		"gemnasium.com",
		"githost.io",
		"gitlab.com",
		"godoc.org",
		"goreportcard.com",
		"img.shields.io",
		"isitmaintained.com",
		"marketplace.visualstudio.com",
		"nodesecurity.io",
		"opencollective.com",
		"snyk.io",
		"travis-ci.com",
		"travis-ci.org",
		"visualstudio.com",
		"vsmarketplacebadge.apphb.com",
		"www.bithound.io",
		"www.versioneye.com"
	],
	"crashReporter": {
		"productName": "VSCode",
		"companyName": "Microsoft"
	},
	"appCenter": {
		"win32-ia32": "appcenter://code?aid=f4289815-a66e-4ad9-b74f-d8e5bc093e41",
		"win32-x64": "appcenter://code?aid=a4e3233c-699c-46ec-b4f4-9c2a77254662",
		"linux-x64": "appcenter://code?aid=fba07a4d-84bd-4fc8-a125-9640fc8ce171",
		"darwin": "appcenter://code?aid=860d6632-f65b-490b-85a8-3e72944f7774"
	},
	"enableTelemetry": true,
	"aiConfig": {
		"asimovKey": "AIF-444c3af9-8e69-4462-ab49-4191e6ad1916"
	},
	"msftInternalDomains": [
		"redmond.corp.microsoft.com",
		"northamerica.corp.microsoft.com",
		"fareast.corp.microsoft.com",
		"ntdev.corp.microsoft.com",
		"wingroup.corp.microsoft.com",
		"southpacific.corp.microsoft.com",
		"wingroup.windeploy.ntdev.microsoft.com",
		"ddnet.microsoft.com",
		"europe.corp.microsoft.com"
	],
	"sendASmile": {
		"reportIssueUrl": "https://go.microsoft.com/fwlink/?LinkId=534872",
		"requestFeatureUrl": "https://go.microsoft.com/fwlink/?LinkID=533482"
	},
	"documentationUrl": "https://go.microsoft.com/fwlink/?LinkID=533484#vscode",
	"releaseNotesUrl": "https://go.microsoft.com/fwlink/?LinkID=533483#vscode",
	"keyboardShortcutsUrlMac": "https://go.microsoft.com/fwlink/?linkid=832143",
	"keyboardShortcutsUrlLinux": "https://go.microsoft.com/fwlink/?linkid=832144",
	"keyboardShortcutsUrlWin": "https://go.microsoft.com/fwlink/?linkid=832145",
	"introductoryVideosUrl": "https://go.microsoft.com/fwlink/?linkid=832146",
	"tipsAndTricksUrl": "https://go.microsoft.com/fwlink/?linkid=852118",
	"newsletterSignupUrl": "https://www.research.net/r/vsc-newsletter",
	"twitterUrl": "https://go.microsoft.com/fwlink/?LinkID=533687",
	"requestFeatureUrl": "https://go.microsoft.com/fwlink/?LinkID=533482",
	"reportIssueUrl": "https://github.com/Microsoft/vscode/issues/new",
	"licenseUrl": "https://go.microsoft.com/fwlink/?LinkID=533485",
	"privacyStatementUrl": "https://go.microsoft.com/fwlink/?LinkId=786907",
	"telemetryOptOutUrl": "https://go.microsoft.com/fwlink/?linkid=870136",
	"npsSurveyUrl": "https://www.research.net/r/Z2RMYRJ",
	"checksumFailMoreInfoUrl": "https://go.microsoft.com/fwlink/?LinkId=828886",
	"electronRepository": "Microsoft/vscode-electron-prebuilt",
	"settingsSearchUrl": "https://bingsettingssearch.trafficmanager.net/api/Search",
	"surveys": [
		{
			"surveyId": "cpp.1",
			"surveyUrl": "https://www.research.net/r/VBVV6C6",
			"languageId": "cpp",
			"editCount": 10,
			"userProbability": 0.15
		},
		{
			"surveyId": "java.2",
			"surveyUrl": "https://www.research.net/r/vscodejava",
			"languageId": "java",
			"editCount": 10,
			"userProbability": 0.3
		},
		{
			"surveyId": "javascript.1",
			"surveyUrl": "https://www.research.net/r/vscode-js",
			"languageId": "javascript",
			"editCount": 10,
			"userProbability": 0.05
		},
		{
			"surveyId": "typescript.1",
			"surveyUrl": "https://www.research.net/r/vscode-ts",
			"languageId": "typescript",
			"editCount": 10,
			"userProbability": 0.05
		}
	],
	"extensionAllowedProposedApi": [
		"ms-vscode.references-view",
		"ms-vsliveshare.vsliveshare",
		"ms-vsliveshare.cloudenv",
		"ms-vsliveshare.cloudenv-explorer",
		"ms-vsonline.vsonline",
		"GitHub.vscode-pull-request-github",
		"GitHub.vscode-pull-request-github-insiders",
		"Microsoft.vscode-nmake-tools",
		"ms-vscode-remote.remote-containers",
		"ms-vscode-remote.remote-containers-nightly",
		"ms-vscode-remote.remote-ssh",
		"ms-vscode-remote.remote-ssh-nightly",
		"ms-vscode-remote.remote-ssh-edit",
		"ms-vscode-remote.remote-ssh-edit-nightly",
		"ms-vscode-remote.remote-wsl",
		"ms-vscode-remote.remote-wsl-nightly",
		"ms-vscode-remote.vscode-remote-extensionpack",
		"ms-vscode-remote.vscode-remote-extensionpack-nightly",
		"ms-vscode.azure-account",
		"ms-vscode.js-debug",
		"ms-vscode.js-debug-nightly",
		"ms-vscode.vscode-js-profile-table",
		"ms-vscode.vscode-js-profile-flame",
		"ms-azuretools.vscode-azurestaticwebapps",
		"ms-dotnettools.dotnet-interactive-vscode",
		"ms-python.python"
	],
	"experimentsUrl": "https://vscodeexperiments.azureedge.net/experiments/vscode-experiments.json",
	"extensionKind": {
		"Shan.code-settings-sync": [
			"ui"
		],
		"shalldie.background": [
			"ui"
		],
		"techer.open-in-browser": [
			"ui"
		],
		"manasxx.background-cover": [
			"ui"
		],
		"CoenraadS.bracket-pair-colorizer": [
			"ui",
			"workspace"
		],
		"CoenraadS.bracket-pair-colorizer-2": [
			"ui"
		],
		"hiro-sun.vscode-emacs": [
			"ui",
			"workspace"
		],
		"hnw.vscode-auto-open-markdown-preview": [
			"ui",
			"workspace"
		],
		"wayou.vscode-todo-highlight": [
			"ui",
			"workspace"
		]
	},
	"linkProtectionTrustedDomains": [
		"https://*.visualstudio.com",
		"https://*.microsoft.com",
		"https://aka.ms",
		"https://vscode-auth.github.com",
		"https://*.gallerycdn.vsassets.io",
		"https://github.com/microsoft/",
		"https://github.com/MicrosoftDocs/",
		"https://login.microsoftonline.com"
	],
	"auth": {
		"loginUrl": "https://login.microsoftonline.com/common/oauth2/authorize",
		"tokenUrl": "https://login.microsoftonline.com/common/oauth2/token",
		"redirectUrl": "https://vscode-redirect.azurewebsites.net/",
		"clientId": "aebc6443-996d-45c2-90f0-388ff96faa56"
	},
	"builtInExtensions": [
		{
			"name": "ms-vscode.node-debug",
			"version": "1.44.6",
			"repo": "https://github.com/Microsoft/vscode-node-debug",
			"metadata": {
				"id": "b6ded8fb-a0a0-4c1c-acbd-ab2a3bc995a6",
				"publisherId": {
					"publisherId": "5f5636e7-69ed-4afe-b5d6-8d231fb3d3ee",
					"publisherName": "ms-vscode",
					"displayName": "Microsoft",
					"flags": "verified"
				},
				"publisherDisplayName": "Microsoft"
			}
		},
		{
			"name": "ms-vscode.node-debug2",
			"version": "1.42.4",
			"repo": "https://github.com/Microsoft/vscode-node-debug2",
			"metadata": {
				"id": "36d19e17-7569-4841-a001-947eb18602b2",
				"publisherId": {
					"publisherId": "5f5636e7-69ed-4afe-b5d6-8d231fb3d3ee",
					"publisherName": "ms-vscode",
					"displayName": "Microsoft",
					"flags": "verified"
				},
				"publisherDisplayName": "Microsoft"
			}
		},
		{
			"name": "ms-vscode.references-view",
			"version": "0.0.57",
			"repo": "https://github.com/Microsoft/vscode-reference-view",
			"metadata": {
				"id": "dc489f46-520d-4556-ae85-1f9eab3c412d",
				"publisherId": {
					"publisherId": "5f5636e7-69ed-4afe-b5d6-8d231fb3d3ee",
					"publisherName": "ms-vscode",
					"displayName": "Microsoft",
					"flags": "verified"
				},
				"publisherDisplayName": "Microsoft"
			}
		},
		{
			"name": "ms-vscode.js-debug-companion",
			"version": "1.0.2",
			"repo": "https://github.com/microsoft/vscode-js-debug-companion",
			"metadata": {
				"id": "99cb0b7f-7354-4278-b8da-6cc79972169d",
				"publisherId": {
					"publisherId": "5f5636e7-69ed-4afe-b5d6-8d231fb3d3ee",
					"publisherName": "ms-vscode",
					"displayName": "Microsoft",
					"flags": "verified"
				},
				"publisherDisplayName": "Microsoft"
			}
		},
		{
			"name": "ms-vscode.js-debug",
			"version": "1.46.1",
			"repo": "https://github.com/Microsoft/vscode-js-debug",
			"metadata": {
				"id": "25629058-ddac-4e17-abba-74678e126c5d",
				"publisherId": {
					"publisherId": "5f5636e7-69ed-4afe-b5d6-8d231fb3d3ee",
					"publisherName": "ms-vscode",
					"displayName": "Microsoft",
					"flags": "verified"
				},
				"publisherDisplayName": "Microsoft"
			}
		},
		{
			"name": "ms-vscode.vscode-js-profile-table",
			"version": "0.0.5",
			"repo": "https://github.com/Microsoft/vscode-js-debug",
			"metadata": {
				"id": "7e52b41b-71ad-457b-ab7e-0620f1fc4feb",
				"publisherId": {
					"publisherId": "5f5636e7-69ed-4afe-b5d6-8d231fb3d3ee",
					"publisherName": "ms-vscode",
					"displayName": "Microsoft",
					"flags": "verified"
				},
				"publisherDisplayName": "Microsoft"
			}
		}
	],
	"commit": "a5d1cc28bb5da32ec67e86cc50f84c67cc690321",
	"date": "2020-06-10T09:03:20.462Z",
	"checksums": {
		"vs/base/parts/sandbox/electron-browser/preload.js": "+ZI7Wzm5sDUlTLm8CxdWLw",
		"vs/workbench/workbench.desktop.main.js": "4gul2JK+9U7pHEtuCqqn+w",
		"vs/workbench/workbench.desktop.main.css": "fgAXVX7P7H4SLAAWA52BBQ",
		"vs/workbench/services/extensions/node/extensionHostProcess.js": "VNtXXAPoVgimaCKnDjkWhQ",
		"vs/code/electron-browser/workbench/workbench.html": "i/WaDBGK9wKw7OoxW3clDA",
		"vs/code/electron-browser/workbench/workbench.js": "kK1/hXaGQjYPfFrnbcIDXQ"
	},
	"settingsSearchBuildId": 1460000680140,
	"target": "user"
}