<?xml version="1.0" encoding="UTF-8"?>
<configuration packagingData="true" scan="true" scanPeriod="600 seconds">
    <property name="PROJECT_NAME" value="demo" />
    <property name="FILE_BASENAME" value="/opt/${PROJECT_NAME}/logs/${PROJECT_NAME}" />

    <appender name="file" class="ch.qos.logback.core.rolling.RollingFileAppender">
        <file>${FILE_BASENAME}.log</file>
        <rollingPolicy class="ch.qos.logback.core.rolling.SizeAndTimeBasedRollingPolicy">
            <fileNamePattern>${FILE_BASENAME}.%d{yyyy-MM-dd}-%i.log</fileNamePattern>
            <maxFileSize>10MB</maxFileSize>
            <maxHistory>30</maxHistory>
            <totalSizeCap>1GB</totalSizeCap>
        </rollingPolicy>
        <encoder>
            <charset>UTF-8</charset>
            <Pattern>[%-5level] %d [%t] %logger{36} - %m%n</Pattern>
        </encoder>
    </appender>

    <appender name="console" class="ch.qos.logback.core.ConsoleAppender">
        <encoder>
            <charset>UTF-8</charset>
            <Pattern>[%-5level] %d [%t] %logger{36} - %m%n</Pattern>
        </encoder>
    </appender>

    <root level="info">
        <appender-ref ref="file"/>
        <appender-ref ref="console"/>
    </root>

</configuration>