<beans xmlns="http://www.springframework.org/schema/beans"
        xmlns:xsi="http://www.w3.org/2001/XMLSchema-instance"
        xmlns:context="http://www.springframework.org/schema/context"
        xsi:schemaLocation="http://www.springframework.org/schema/beans http://www.springframework.org/schema/beans/spring-beans-4.0.xsd
        http://www.springframework.org/schema/context http://www.springframework.org/schema/context/spring-context-4.0.xsd"
        default-lazy-init="false">

    <context:annotation-config/>
    <context:component-scan base-package="com.citi.cicrm.syncjob"/>


    <bean id="esConfig" class="com.citi.cicrm.syncjob.config.EsConfig">
        <property name="host" value="127.0.0.1" />
        <property name="port" value="43045" />
        <property name="user" value="admin" />
        <property name="pwd" value="crmuatpwd" />
    </bean>

</beans>