<?xml version="1.0"?>

<data>
  <value type="object" content-struct-name="app.Toolbar" id="com.mysql.wb.toolbar.tool.selection">
    <value type="string" key="name">selection</value>
    <value type="string" key="accessibilityName">Selection</value>
    <value type="list" key="items" content-type="object" content-struct-name="app.ToolbarItem">
      <value type="object" struct-name="app.ToolbarItem" id="com.mysql.wb.toolbar.tool.selection">
        <link type="object" key="owner" struct-name="db.Toolbar">com.mysql.wb.toolbar.tool.align1</link>
        <value type="string" key="name">open</value>
        <value type="string" key="icon">tiny_open.png</value>
        <value type="string" key="itemType">action</value>
        <value type="string" key="command">plugin:wb.file.open</value>
        <value type="string" key="accessibilityName">Open</value>
      </value>
    </value>
  </value>
</data>
  
