{
  "noSave": "NOSAVE",
  "noLogData": "NO_LOG_DATA",
  "ui": {
    "foldingChar": "FOLDING_CHAR"
  },
  "redis": {
    "readOnly": "READ_ONLY",
    "flushOnImport": "FLUSH_ON_IMPORT",
    "useScan": "USE_SCAN",
    "scanCount": "SCAN_COUNT",
    "rootPattern": "ROOT_PATTERN",
    "connectionName": "REDIS_CONNECTION_NAME",
    "defaultLabel": "REDIS_LABEL"
  },
  "server": {
    "address": "ADDRESS",
    "port": "PORT",
    "urlPrefix": "URL_PREFIX",
    "trustProxy": "TRUST_PROXY",
    "httpAuth": {
      "username": "HTTP_USER",
      "password": "HTTP_PASSWORD",
      "passwordHash": "HTTP_PASSWORD_HASH"
    }
  }
}
