{
  "noSave": false,
  "noLogData": false,
  "ui": {
    "sidebarWidth": 250,
    "locked": false,
    "cliHeight": 50,
    "cliOpen": false,
    "foldingChar": ":"
  },
  "redis": {
    "readOnly": false,
    "flushOnImport": true,
    "useScan": false,
    "scanCount": 100,
    "rootPattern": "*",
    "connectionName": "redis-commander",
    "defaultLabel": "local"
  },
  "server": {
    "address": "0.0.0.0",
    "port": 8081,
    "urlPrefix": "",
    "trustProxy": false,
    "httpAuth": {
      "username": "",
      "password": "",
      "passwordHash": "",
      "comment": "to enable http auth set username and either password or passwordHash",
      "jwtSecret": ""
    }
  },
  "connections": []
}
